"date_to","date_from","date_retrieved"
2021-01-10,2020-12-28,2021-01-11
2021-01-10,2020-12-28,2021-01-11
"/emitanaka/actions","6. emitanaka/actions: My GitHub Actions",7,7,2021-01-11,2020-12-29,2021-01-12
"/emitanaka/actions/blob/main/.github/workflows/traffic.yaml","actions/traffic.yaml at main · emitanaka/actions",1,1,2021-01-11,2020-12-29,2021-01-12
"/emitanaka/actions/blob/main/LICENSE","actions/LICENSE at main · emitanaka/actions",1,1,2021-01-11,2020-12-29,2021-01-12
"/emitanaka/actions/blob/main/README.md","actions/README.md at main · emitanaka/actions",1,1,2021-01-11,2020-12-29,2021-01-12
"/emitanaka/actions/blob/main/repo-traffic.yaml","actions/repo-traffic.yaml at main · emitanaka/actions",1,1,2021-01-11,2020-12-29,2021-01-12
"/emitanaka/actions/tree/main/.github/workflows","actions/.github/workflows at main · emitanaka/actions",1,1,2021-01-11,2020-12-29,2021-01-12
"/emitanaka/actions","6. emitanaka/actions: My GitHub Actions",7,7,2021-01-12,2020-12-30,2021-01-13
"/emitanaka/actions/blob/main/.github/workflows/traffic.yaml","actions/traffic.yaml at main · emitanaka/actions",1,1,2021-01-12,2020-12-30,2021-01-13
"/emitanaka/actions/blob/main/LICENSE","actions/LICENSE at main · emitanaka/actions",1,1,2021-01-12,2020-12-30,2021-01-13
"/emitanaka/actions/blob/main/README.md","actions/README.md at main · emitanaka/actions",1,1,2021-01-12,2020-12-30,2021-01-13
"/emitanaka/actions/blob/main/repo-traffic.yaml","actions/repo-traffic.yaml at main · emitanaka/actions",1,1,2021-01-12,2020-12-30,2021-01-13
"/emitanaka/actions/tree/main/.github/workflows","actions/.github/workflows at main · emitanaka/actions",1,1,2021-01-12,2020-12-30,2021-01-13
"/emitanaka/actions","emitanaka/actions: My GitHub Actions",8,8,2021-01-13,2020-12-31,2021-01-14
"/emitanaka/actions/tree/main/.github/workflows","actions/.github/workflows at main · emitanaka/actions",2,2,2021-01-13,2020-12-31,2021-01-14
"/emitanaka/actions/blob/main/.github/workflows/repo-traffic.yaml","actions/repo-traffic.yaml at main · emitanaka/actions",1,1,2021-01-13,2020-12-31,2021-01-14
"/emitanaka/actions/blob/main/.github/workflows/traffic.yaml","actions/traffic.yaml at main · emitanaka/actions",1,1,2021-01-13,2020-12-31,2021-01-14
"/emitanaka/actions/blob/main/LICENSE","actions/LICENSE at main · emitanaka/actions",1,1,2021-01-13,2020-12-31,2021-01-14
"/emitanaka/actions/blob/main/README.md","actions/README.md at main · emitanaka/actions",1,1,2021-01-13,2020-12-31,2021-01-14
"/emitanaka/actions/blob/main/repo-traffic.yaml","actions/repo-traffic.yaml at main · emitanaka/actions",1,1,2021-01-13,2020-12-31,2021-01-14
"/emitanaka/actions","emitanaka/actions: My GitHub Actions",9,9,2021-01-14,2021-01-01,2021-01-15
"/emitanaka/actions/tree/main/.github/workflows","actions/.github/workflows at main · emitanaka/actions",2,2,2021-01-14,2021-01-01,2021-01-15
"/emitanaka/actions/blob/main/.github/workflows/repo-traffic.yaml","actions/repo-traffic.yaml at main · emitanaka/actions",1,1,2021-01-14,2021-01-01,2021-01-15
"/emitanaka/actions/blob/main/.github/workflows/traffic.yaml","actions/traffic.yaml at main · emitanaka/actions",1,1,2021-01-14,2021-01-01,2021-01-15
"/emitanaka/actions/blob/main/LICENSE","actions/LICENSE at main · emitanaka/actions",1,1,2021-01-14,2021-01-01,2021-01-15
"/emitanaka/actions/blob/main/README.md","actions/README.md at main · emitanaka/actions",1,1,2021-01-14,2021-01-01,2021-01-15
"/emitanaka/actions/blob/main/repo-traffic.yaml","actions/repo-traffic.yaml at main · emitanaka/actions",1,1,2021-01-14,2021-01-01,2021-01-15
"/emitanaka/actions","emitanaka/actions: My GitHub Actions",9,9,2021-01-15,2021-01-02,2021-01-16
"/emitanaka/actions/tree/main/.github/workflows","actions/.github/workflows at main · emitanaka/actions",2,2,2021-01-15,2021-01-02,2021-01-16
"/emitanaka/actions/blob/main/.github/workflows/repo-traffic.yaml","actions/repo-traffic.yaml at main · emitanaka/actions",1,1,2021-01-15,2021-01-02,2021-01-16
"/emitanaka/actions/blob/main/.github/workflows/traffic.yaml","actions/traffic.yaml at main · emitanaka/actions",1,1,2021-01-15,2021-01-02,2021-01-16
"/emitanaka/actions/blob/main/LICENSE","actions/LICENSE at main · emitanaka/actions",1,1,2021-01-15,2021-01-02,2021-01-16
"/emitanaka/actions/blob/main/README.md","actions/README.md at main · emitanaka/actions",1,1,2021-01-15,2021-01-02,2021-01-16
"/emitanaka/actions/blob/main/repo-traffic.yaml","actions/repo-traffic.yaml at main · emitanaka/actions",1,1,2021-01-15,2021-01-02,2021-01-16
"/emitanaka/actions","emitanaka/actions: My GitHub Actions",10,10,2021-01-16,2021-01-03,2021-01-17
"/emitanaka/actions/tree/main/.github/workflows","actions/.github/workflows at main · emitanaka/actions",2,2,2021-01-16,2021-01-03,2021-01-17
"/emitanaka/actions/blob/main/.github/workflows/repo-traffic.yaml","actions/repo-traffic.yaml at main · emitanaka/actions",1,1,2021-01-16,2021-01-03,2021-01-17
"/emitanaka/actions/blob/main/.github/workflows/traffic.yaml","actions/traffic.yaml at main · emitanaka/actions",1,1,2021-01-16,2021-01-03,2021-01-17
"/emitanaka/actions/blob/main/LICENSE","actions/LICENSE at main · emitanaka/actions",1,1,2021-01-16,2021-01-03,2021-01-17
"/emitanaka/actions/blob/main/README.md","actions/README.md at main · emitanaka/actions",1,1,2021-01-16,2021-01-03,2021-01-17
"/emitanaka/actions/blob/main/repo-traffic.yaml","actions/repo-traffic.yaml at main · emitanaka/actions",1,1,2021-01-16,2021-01-03,2021-01-17
"/emitanaka/actions/commits","Commits · emitanaka/actions",1,1,2021-01-16,2021-01-03,2021-01-17
"/emitanaka/actions","emitanaka/actions: My GitHub Actions",12,11,2021-01-17,2021-01-04,2021-01-18
"/emitanaka/actions/tree/main/.github/workflows","actions/.github/workflows at main · emitanaka/actions",2,2,2021-01-17,2021-01-04,2021-01-18
"/emitanaka/actions/blob/main/.github/workflows/repo-traffic.yaml","actions/repo-traffic.yaml at main · emitanaka/actions",1,1,2021-01-17,2021-01-04,2021-01-18
"/emitanaka/actions/blob/main/.github/workflows/traffic.yaml","actions/traffic.yaml at main · emitanaka/actions",1,1,2021-01-17,2021-01-04,2021-01-18
"/emitanaka/actions/blob/main/LICENSE","actions/LICENSE at main · emitanaka/actions",1,1,2021-01-17,2021-01-04,2021-01-18
"/emitanaka/actions/blob/main/README.md","actions/README.md at main · emitanaka/actions",1,1,2021-01-17,2021-01-04,2021-01-18
"/emitanaka/actions/blob/main/repo-traffic.yaml","actions/repo-traffic.yaml at main · emitanaka/actions",1,1,2021-01-17,2021-01-04,2021-01-18
"/emitanaka/actions/commits","Commits · emitanaka/actions",1,1,2021-01-17,2021-01-04,2021-01-18
"/emitanaka/actions","emitanaka/actions: My GitHub Actions",12,11,2021-01-18,2021-01-05,2021-01-19
"/emitanaka/actions/tree/main/.github/workflows","actions/.github/workflows at main · emitanaka/actions",3,3,2021-01-18,2021-01-05,2021-01-19
"/emitanaka/actions/blob/main/.github/workflows/repo-traffic.yaml","actions/repo-traffic.yaml at main · emitanaka/actions",2,2,2021-01-18,2021-01-05,2021-01-19
"/emitanaka/actions/blob/main/.github/workflows/traffic.yaml","actions/traffic.yaml at main · emitanaka/actions",1,1,2021-01-18,2021-01-05,2021-01-19
"/emitanaka/actions/blob/main/LICENSE","actions/LICENSE at main · emitanaka/actions",1,1,2021-01-18,2021-01-05,2021-01-19
"/emitanaka/actions/blob/main/README.md","actions/README.md at main · emitanaka/actions",1,1,2021-01-18,2021-01-05,2021-01-19
"/emitanaka/actions/blob/main/repo-traffic.yaml","actions/repo-traffic.yaml at main · emitanaka/actions",1,1,2021-01-18,2021-01-05,2021-01-19
"/emitanaka/actions/commits","Commits · emitanaka/actions",1,1,2021-01-18,2021-01-05,2021-01-19
"/emitanaka/actions","emitanaka/actions: My GitHub Actions",12,11,2021-01-19,2021-01-06,2021-01-20
"/emitanaka/actions/tree/main/.github/workflows","actions/.github/workflows at main · emitanaka/actions",3,3,2021-01-19,2021-01-06,2021-01-20
"/emitanaka/actions/blob/main/.github/workflows/repo-traffic.yaml","actions/repo-traffic.yaml at main · emitanaka/actions",2,2,2021-01-19,2021-01-06,2021-01-20
"/emitanaka/actions/blob/main/.github/workflows/traffic.yaml","actions/traffic.yaml at main · emitanaka/actions",1,1,2021-01-19,2021-01-06,2021-01-20
"/emitanaka/actions/blob/main/LICENSE","actions/LICENSE at main · emitanaka/actions",1,1,2021-01-19,2021-01-06,2021-01-20
"/emitanaka/actions/blob/main/README.md","actions/README.md at main · emitanaka/actions",1,1,2021-01-19,2021-01-06,2021-01-20
"/emitanaka/actions/blob/main/repo-traffic.yaml","actions/repo-traffic.yaml at main · emitanaka/actions",1,1,2021-01-19,2021-01-06,2021-01-20
"/emitanaka/actions/commits","Commits · emitanaka/actions",1,1,2021-01-19,2021-01-06,2021-01-20
"/emitanaka/actions","emitanaka/actions: My GitHub Actions",12,11,2021-01-20,2021-01-07,2021-01-21
"/emitanaka/actions/tree/main/.github/workflows","actions/.github/workflows at main · emitanaka/actions",4,3,2021-01-20,2021-01-07,2021-01-21
"/emitanaka/actions/blob/main/.github/workflows/repo-traffic.yaml","actions/repo-traffic.yaml at main · emitanaka/actions",3,2,2021-01-20,2021-01-07,2021-01-21
"/emitanaka/actions/blob/main/.github/workflows/traffic.yaml","actions/traffic.yaml at main · emitanaka/actions",1,1,2021-01-20,2021-01-07,2021-01-21
"/emitanaka/actions/blob/main/LICENSE","actions/LICENSE at main · emitanaka/actions",1,1,2021-01-20,2021-01-07,2021-01-21
"/emitanaka/actions/blob/main/README.md","actions/README.md at main · emitanaka/actions",1,1,2021-01-20,2021-01-07,2021-01-21
"/emitanaka/actions/blob/main/repo-traffic.yaml","actions/repo-traffic.yaml at main · emitanaka/actions",1,1,2021-01-20,2021-01-07,2021-01-21
"/emitanaka/actions/commits","Commits · emitanaka/actions",1,1,2021-01-20,2021-01-07,2021-01-21
"/emitanaka/actions","emitanaka/actions: My GitHub Actions",12,11,2021-01-21,2021-01-08,2021-01-22
"/emitanaka/actions/tree/main/.github/workflows","actions/.github/workflows at main · emitanaka/actions",4,3,2021-01-21,2021-01-08,2021-01-22
"/emitanaka/actions/blob/main/.github/workflows/repo-traffic.yaml","actions/repo-traffic.yaml at main · emitanaka/actions",3,2,2021-01-21,2021-01-08,2021-01-22
"/emitanaka/actions/blob/main/.github/workflows/traffic.yaml","actions/traffic.yaml at main · emitanaka/actions",1,1,2021-01-21,2021-01-08,2021-01-22
"/emitanaka/actions/blob/main/LICENSE","actions/LICENSE at main · emitanaka/actions",1,1,2021-01-21,2021-01-08,2021-01-22
"/emitanaka/actions/blob/main/README.md","actions/README.md at main · emitanaka/actions",1,1,2021-01-21,2021-01-08,2021-01-22
"/emitanaka/actions/blob/main/repo-traffic.yaml","actions/repo-traffic.yaml at main · emitanaka/actions",1,1,2021-01-21,2021-01-08,2021-01-22
"/emitanaka/actions/commits","Commits · emitanaka/actions",1,1,2021-01-21,2021-01-08,2021-01-22
"/emitanaka/actions","emitanaka/actions: My GitHub Actions",12,11,2021-01-22,2021-01-09,2021-01-23
"/emitanaka/actions/tree/main/.github/workflows","actions/.github/workflows at main · emitanaka/actions",4,3,2021-01-22,2021-01-09,2021-01-23
"/emitanaka/actions/blob/main/.github/workflows/repo-traffic.yaml","actions/repo-traffic.yaml at main · emitanaka/actions",3,2,2021-01-22,2021-01-09,2021-01-23
"/emitanaka/actions/blob/main/.github/workflows/traffic.yaml","actions/traffic.yaml at main · emitanaka/actions",1,1,2021-01-22,2021-01-09,2021-01-23
"/emitanaka/actions/blob/main/LICENSE","actions/LICENSE at main · emitanaka/actions",1,1,2021-01-22,2021-01-09,2021-01-23
"/emitanaka/actions/blob/main/README.md","actions/README.md at main · emitanaka/actions",1,1,2021-01-22,2021-01-09,2021-01-23
"/emitanaka/actions/blob/main/repo-traffic.yaml","actions/repo-traffic.yaml at main · emitanaka/actions",1,1,2021-01-22,2021-01-09,2021-01-23
"/emitanaka/actions/commits","Commits · emitanaka/actions",1,1,2021-01-22,2021-01-09,2021-01-23
"/emitanaka/actions","emitanaka/actions: My GitHub Actions",12,11,2021-01-23,2021-01-10,2021-01-24
"/emitanaka/actions/tree/main/.github/workflows","actions/.github/workflows at main · emitanaka/actions",4,3,2021-01-23,2021-01-10,2021-01-24
"/emitanaka/actions/blob/main/.github/workflows/repo-traffic.yaml","actions/repo-traffic.yaml at main · emitanaka/actions",3,2,2021-01-23,2021-01-10,2021-01-24
"/emitanaka/actions/blob/main/.github/workflows/traffic.yaml","actions/traffic.yaml at main · emitanaka/actions",1,1,2021-01-23,2021-01-10,2021-01-24
"/emitanaka/actions/blob/main/LICENSE","actions/LICENSE at main · emitanaka/actions",1,1,2021-01-23,2021-01-10,2021-01-24
"/emitanaka/actions/blob/main/README.md","actions/README.md at main · emitanaka/actions",1,1,2021-01-23,2021-01-10,2021-01-24
"/emitanaka/actions/blob/main/repo-traffic.yaml","actions/repo-traffic.yaml at main · emitanaka/actions",1,1,2021-01-23,2021-01-10,2021-01-24
"/emitanaka/actions/commits","Commits · emitanaka/actions",1,1,2021-01-23,2021-01-10,2021-01-24
"/emitanaka/actions","emitanaka/actions: My GitHub Actions",5,4,2021-01-24,2021-01-11,2021-01-25
"/emitanaka/actions/blob/main/.github/workflows/repo-traffic.yaml","actions/repo-traffic.yaml at main · emitanaka/actions",3,2,2021-01-24,2021-01-11,2021-01-25
"/emitanaka/actions/tree/main/.github/workflows","actions/.github/workflows at main · emitanaka/actions",3,2,2021-01-24,2021-01-11,2021-01-25
"/emitanaka/actions/commits","Commits · emitanaka/actions",1,1,2021-01-24,2021-01-11,2021-01-25
"/emitanaka/actions","emitanaka/actions: My GitHub Actions",5,4,2021-01-25,2021-01-12,2021-01-26
"/emitanaka/actions/blob/main/.github/workflows/repo-traffic.yaml","actions/repo-traffic.yaml at main · emitanaka/actions",3,2,2021-01-25,2021-01-12,2021-01-26
"/emitanaka/actions/tree/main/.github/workflows","actions/.github/workflows at main · emitanaka/actions",3,2,2021-01-25,2021-01-12,2021-01-26
"/emitanaka/actions/commits","Commits · emitanaka/actions",1,1,2021-01-25,2021-01-12,2021-01-26
"/emitanaka/actions","emitanaka/actions: My GitHub Actions",4,3,2021-01-26,2021-01-13,2021-01-27
"/emitanaka/actions/blob/main/.github/workflows/repo-traffic.yaml","actions/repo-traffic.yaml at main · emitanaka/actions",2,2,2021-01-26,2021-01-13,2021-01-27
"/emitanaka/actions/tree/main/.github/workflows","actions/.github/workflows at main · emitanaka/actions",2,2,2021-01-26,2021-01-13,2021-01-27
"/emitanaka/actions/commits","Commits · emitanaka/actions",1,1,2021-01-26,2021-01-13,2021-01-27
"/emitanaka/actions","emitanaka/actions: My GitHub Actions",3,2,2021-01-28,2021-01-15,2021-01-29
"/emitanaka/actions/blob/main/.github/workflows/repo-traffic.yaml","actions/repo-traffic.yaml at main · emitanaka/actions",2,2,2021-01-28,2021-01-15,2021-01-29
"/emitanaka/actions/tree/main/.github/workflows","actions/.github/workflows at main · emitanaka/actions",2,2,2021-01-28,2021-01-15,2021-01-29
"/emitanaka/actions/commits","Commits · emitanaka/actions",1,1,2021-01-28,2021-01-15,2021-01-29
"/emitanaka/actions/blob/main/.github/workflows/repo-traffic.yaml","actions/repo-traffic.yaml at main · emitanaka/actions",2,2,2021-01-29,2021-01-16,2021-01-30
"/emitanaka/actions/tree/main/.github/workflows","actions/.github/workflows at main · emitanaka/actions",2,2,2021-01-29,2021-01-16,2021-01-30
"/emitanaka/actions","emitanaka/actions: My GitHub Actions",2,1,2021-01-29,2021-01-16,2021-01-30
"/emitanaka/actions/blob/main/.github/workflows/repo-traffic.yaml","actions/repo-traffic.yaml at main · emitanaka/actions",2,2,2021-01-30,2021-01-17,2021-01-31
"/emitanaka/actions/tree/main/.github/workflows","actions/.github/workflows at main · emitanaka/actions",2,2,2021-01-30,2021-01-17,2021-01-31
"/emitanaka/actions","emitanaka/actions: My GitHub Actions",2,2,2021-02-01,2021-01-19,2021-02-02
"/emitanaka/actions/blob/main/.github/workflows/repo-traffic.yaml","actions/repo-traffic.yaml at main · emitanaka/actions",1,1,2021-02-01,2021-01-19,2021-02-02
"/emitanaka/actions/tree/main/.github/workflows","actions/.github/workflows at main · emitanaka/actions",1,1,2021-02-01,2021-01-19,2021-02-02
"/emitanaka/actions","emitanaka/actions: My GitHub Actions",2,2,2021-02-02,2021-01-20,2021-02-03
"/emitanaka/actions","emitanaka/actions: My GitHub Actions",2,2,2021-02-03,2021-01-21,2021-02-04
"/emitanaka/actions","emitanaka/actions: My GitHub Actions",2,2,2021-02-04,2021-01-22,2021-02-05
"/emitanaka/actions","emitanaka/actions: My GitHub Actions",2,2,2021-02-05,2021-01-23,2021-02-06
"/emitanaka/actions","emitanaka/actions: My GitHub Actions",2,2,2021-02-06,2021-01-24,2021-02-07
"/emitanaka/actions","GitHub - emitanaka/actions: My GitHub Actions",3,3,2021-02-07,2021-01-25,2021-02-08
"/emitanaka/actions/blob/main/.gitignore","actions/.gitignore at main · emitanaka/actions · GitHub",1,1,2021-02-07,2021-01-25,2021-02-08
"/emitanaka/actions","GitHub - emitanaka/actions: My GitHub Actions",3,3,2021-02-08,2021-01-26,2021-02-09
"/emitanaka/actions/blob/main/.gitignore","actions/.gitignore at main · emitanaka/actions · GitHub",1,1,2021-02-08,2021-01-26,2021-02-09
"/emitanaka/actions","GitHub - emitanaka/actions: My GitHub Actions",3,3,2021-02-09,2021-01-27,2021-02-10
"/emitanaka/actions/blob/main/.gitignore","actions/.gitignore at main · emitanaka/actions · GitHub",1,1,2021-02-09,2021-01-27,2021-02-10
"/emitanaka/actions","GitHub - emitanaka/actions: My GitHub Actions",3,3,2021-02-10,2021-01-28,2021-02-11
"/emitanaka/actions/blob/main/.gitignore","actions/.gitignore at main · emitanaka/actions · GitHub",1,1,2021-02-10,2021-01-28,2021-02-11
"/emitanaka/actions","GitHub - emitanaka/actions: My GitHub Actions",3,3,2021-02-11,2021-01-29,2021-02-12
"/emitanaka/actions/blob/main/.gitignore","actions/.gitignore at main · emitanaka/actions · GitHub",1,1,2021-02-11,2021-01-29,2021-02-12
"/emitanaka/actions","GitHub - emitanaka/actions: My GitHub Actions",3,3,2021-02-12,2021-01-30,2021-02-13
"/emitanaka/actions/blob/main/.gitignore","actions/.gitignore at main · emitanaka/actions · GitHub",1,1,2021-02-12,2021-01-30,2021-02-13
"/emitanaka/actions","GitHub - emitanaka/actions: My GitHub Actions",2,2,2021-02-13,2021-01-31,2021-02-14
"/emitanaka/actions/blob/main/.gitignore","actions/.gitignore at main · emitanaka/actions · GitHub",1,1,2021-02-13,2021-01-31,2021-02-14
"/emitanaka/actions","GitHub - emitanaka/actions: My GitHub Actions",1,1,2021-02-14,2021-02-01,2021-02-15
"/emitanaka/actions/blob/main/.gitignore","actions/.gitignore at main · emitanaka/actions · GitHub",1,1,2021-02-14,2021-02-01,2021-02-15
"/emitanaka/actions","GitHub - emitanaka/actions: My GitHub Actions",1,1,2021-02-15,2021-02-02,2021-02-16
"/emitanaka/actions/blob/main/.gitignore","actions/.gitignore at main · emitanaka/actions · GitHub",1,1,2021-02-15,2021-02-02,2021-02-16
"/emitanaka/actions","GitHub - emitanaka/actions: My GitHub Actions",1,1,2021-02-16,2021-02-03,2021-02-17
"/emitanaka/actions/blob/main/.gitignore","actions/.gitignore at main · emitanaka/actions · GitHub",1,1,2021-02-16,2021-02-03,2021-02-17
"/emitanaka/actions","GitHub - emitanaka/actions: My GitHub Actions",1,1,2021-02-17,2021-02-04,2021-02-18
"/emitanaka/actions/blob/main/.gitignore","actions/.gitignore at main · emitanaka/actions · GitHub",1,1,2021-02-17,2021-02-04,2021-02-18
"/emitanaka/actions","GitHub - emitanaka/actions: My GitHub Actions",1,1,2021-02-18,2021-02-05,2021-02-19
"/emitanaka/actions/blob/main/.gitignore","actions/.gitignore at main · emitanaka/actions · GitHub",1,1,2021-02-18,2021-02-05,2021-02-19
"/emitanaka/actions","GitHub - emitanaka/actions: My GitHub Actions",1,1,2021-02-19,2021-02-06,2021-02-20
"/emitanaka/actions/blob/main/.gitignore","actions/.gitignore at main · emitanaka/actions · GitHub",1,1,2021-02-19,2021-02-06,2021-02-20
2021-02-20,2021-02-07,2021-02-21
"/emitanaka/actions","emitanaka/actions: My GitHub Actions",1,1,2021-02-21,2021-02-08,2021-02-22
"/emitanaka/actions","emitanaka/actions: My GitHub Actions",1,1,2021-02-22,2021-02-09,2021-02-23
"/emitanaka/actions","GitHub - emitanaka/actions: My GitHub Actions",2,2,2021-02-23,2021-02-10,2021-02-24
"/emitanaka/actions","GitHub - emitanaka/actions: My GitHub Actions",2,2,2021-02-24,2021-02-11,2021-02-25
"/emitanaka/actions","GitHub - emitanaka/actions: My GitHub Actions",3,3,2021-02-25,2021-02-12,2021-02-26
"/emitanaka/actions/blob/main/repo-traffic.yaml","actions/repo-traffic.yaml at main · emitanaka/actions",1,1,2021-02-25,2021-02-12,2021-02-26
"/emitanaka/actions","GitHub - emitanaka/actions: My GitHub Actions",3,3,2021-02-27,2021-02-14,2021-02-28
"/emitanaka/actions/blob/main/repo-traffic.yaml","actions/repo-traffic.yaml at main · emitanaka/actions",1,1,2021-02-27,2021-02-14,2021-02-28
"/emitanaka/actions","GitHub - emitanaka/actions: My GitHub Actions",3,3,2021-02-28,2021-02-15,2021-03-01
"/emitanaka/actions/blob/main/repo-traffic.yaml","actions/repo-traffic.yaml at main · emitanaka/actions",1,1,2021-02-28,2021-02-15,2021-03-01
"/emitanaka/actions","GitHub - emitanaka/actions: My GitHub Actions",4,4,2021-03-01,2021-02-16,2021-03-02
"/emitanaka/actions/blob/main/repo-traffic.yaml","actions/repo-traffic.yaml at main · emitanaka/actions",1,1,2021-03-01,2021-02-16,2021-03-02
"/emitanaka/actions","GitHub - emitanaka/actions: My GitHub Actions",4,4,2021-03-02,2021-02-17,2021-03-03
"/emitanaka/actions/blob/main/repo-traffic.yaml","actions/repo-traffic.yaml at main · emitanaka/actions",1,1,2021-03-02,2021-02-17,2021-03-03
"/emitanaka/actions","GitHub - emitanaka/actions: My GitHub Actions",4,4,2021-03-03,2021-02-18,2021-03-04
"/emitanaka/actions/blob/main/repo-traffic.yaml","actions/repo-traffic.yaml at main · emitanaka/actions",1,1,2021-03-03,2021-02-18,2021-03-04
"/emitanaka/actions","GitHub - emitanaka/actions: My GitHub Actions",4,4,2021-03-04,2021-02-19,2021-03-05
"/emitanaka/actions/blob/main/repo-traffic.yaml","actions/repo-traffic.yaml at main · emitanaka/actions",1,1,2021-03-04,2021-02-19,2021-03-05
"/emitanaka/actions","GitHub - emitanaka/actions: My GitHub Actions",4,4,2021-03-05,2021-02-20,2021-03-06
"/emitanaka/actions/blob/main/repo-traffic.yaml","actions/repo-traffic.yaml at main · emitanaka/actions",1,1,2021-03-05,2021-02-20,2021-03-06
"/emitanaka/actions","GitHub - emitanaka/actions: My GitHub Actions",3,3,2021-03-07,2021-02-22,2021-03-08
"/emitanaka/actions/blob/main/repo-traffic.yaml","actions/repo-traffic.yaml at main · emitanaka/actions",1,1,2021-03-07,2021-02-22,2021-03-08
"/emitanaka/actions","emitanaka/actions: My GitHub Actions",2,2,2021-03-08,2021-02-23,2021-03-09
"/emitanaka/actions/blob/main/repo-traffic.yaml","actions/repo-traffic.yaml at main · emitanaka/actions",1,1,2021-03-08,2021-02-23,2021-03-09
"/emitanaka/actions","emitanaka/actions: My GitHub Actions",2,2,2021-03-09,2021-02-24,2021-03-10
"/emitanaka/actions/blob/main/repo-traffic.yaml","actions/repo-traffic.yaml at main · emitanaka/actions",1,1,2021-03-09,2021-02-24,2021-03-10
"/emitanaka/actions","emitanaka/actions: My GitHub Actions",1,1,2021-03-10,2021-02-25,2021-03-11
"/emitanaka/actions","emitanaka/actions: My GitHub Actions",1,1,2021-03-11,2021-02-26,2021-03-12
"/emitanaka/actions","emitanaka/actions: My GitHub Actions",1,1,2021-03-12,2021-02-27,2021-03-13
2021-03-14,2021-03-01,2021-03-15
2021-03-15,2021-03-02,2021-03-16
2021-03-16,2021-03-03,2021-03-17
"/emitanaka/actions","emitanaka/actions: My GitHub Actions",1,1,2021-03-17,2021-03-04,2021-03-18
"/emitanaka/actions","emitanaka/actions: My GitHub Actions",1,1,2021-03-18,2021-03-05,2021-03-19
"/emitanaka/actions","emitanaka/actions: My GitHub Actions",1,1,2021-03-19,2021-03-06,2021-03-20
"/emitanaka/actions","emitanaka/actions: My GitHub Actions",1,1,2021-03-20,2021-03-07,2021-03-21
"/emitanaka/actions","emitanaka/actions: My GitHub Actions",1,1,2021-03-21,2021-03-08,2021-03-22
"/emitanaka/actions","emitanaka/actions: My GitHub Actions",1,1,2021-03-22,2021-03-09,2021-03-23
"/emitanaka/actions","emitanaka/actions: My GitHub Actions",1,1,2021-03-23,2021-03-10,2021-03-24
"/emitanaka/actions","emitanaka/actions: My GitHub Actions",1,1,2021-03-24,2021-03-11,2021-03-25
"/emitanaka/actions","emitanaka/actions: My GitHub Actions",1,1,2021-03-25,2021-03-12,2021-03-26
"/emitanaka/actions","emitanaka/actions: My GitHub Actions",1,1,2021-03-26,2021-03-13,2021-03-27
"/emitanaka/actions","emitanaka/actions: My GitHub Actions",1,1,2021-03-27,2021-03-14,2021-03-28
"/emitanaka/actions","emitanaka/actions: My GitHub Actions",1,1,2021-03-28,2021-03-15,2021-03-29
"/emitanaka/actions","emitanaka/actions: My GitHub Actions",1,1,2021-03-29,2021-03-16,2021-03-30
2021-03-30,2021-03-17,2021-03-31
2021-03-31,2021-03-18,2021-04-01
2021-04-01,2021-03-19,2021-04-02
2021-04-02,2021-03-20,2021-04-03
2021-04-03,2021-03-21,2021-04-04
2021-04-04,2021-03-22,2021-04-05
2021-04-05,2021-03-23,2021-04-06
2021-04-06,2021-03-24,2021-04-07
2021-04-07,2021-03-25,2021-04-08
2021-04-08,2021-03-26,2021-04-09
2021-04-09,2021-03-27,2021-04-10
2021-04-10,2021-03-28,2021-04-11
2021-04-11,2021-03-29,2021-04-12
2021-04-12,2021-03-30,2021-04-13
2021-04-13,2021-03-31,2021-04-14
2021-04-14,2021-04-01,2021-04-15
2021-04-15,2021-04-02,2021-04-16
2021-04-16,2021-04-03,2021-04-17
2021-04-17,2021-04-04,2021-04-18
2021-04-18,2021-04-05,2021-04-19
2021-04-19,2021-04-06,2021-04-20
2021-04-20,2021-04-07,2021-04-21
2021-04-21,2021-04-08,2021-04-22
2021-04-22,2021-04-09,2021-04-23
2021-04-23,2021-04-10,2021-04-24
2021-04-24,2021-04-11,2021-04-25
2021-04-25,2021-04-12,2021-04-26
2021-04-26,2021-04-13,2021-04-27
2021-04-27,2021-04-14,2021-04-28
2021-04-28,2021-04-15,2021-04-29
2021-04-29,2021-04-16,2021-04-30
"/emitanaka/actions","emitanaka/actions: My GitHub Actions",1,1,2021-04-30,2021-04-17,2021-05-01
"/emitanaka/actions","GitHub - emitanaka/actions: My GitHub Actions",2,2,2021-05-01,2021-04-18,2021-05-02
"/emitanaka/actions","GitHub - emitanaka/actions: My GitHub Actions",2,2,2021-05-02,2021-04-19,2021-05-03
"/emitanaka/actions","GitHub - emitanaka/actions: My GitHub Actions",2,2,2021-05-03,2021-04-20,2021-05-04
"/emitanaka/actions","GitHub - emitanaka/actions: My GitHub Actions",2,2,2021-05-04,2021-04-21,2021-05-05
"/emitanaka/actions","GitHub - emitanaka/actions: My GitHub Actions",2,2,2021-05-05,2021-04-22,2021-05-06
"/emitanaka/actions","GitHub - emitanaka/actions: My GitHub Actions",2,2,2021-05-06,2021-04-23,2021-05-07
"/emitanaka/actions","GitHub - emitanaka/actions: My GitHub Actions",3,3,2021-05-07,2021-04-24,2021-05-08
"/emitanaka/actions","GitHub - emitanaka/actions: My GitHub Actions",3,3,2021-05-08,2021-04-25,2021-05-09
"/emitanaka/actions","GitHub - emitanaka/actions: My GitHub Actions",3,3,2021-05-09,2021-04-26,2021-05-10
"/emitanaka/actions","GitHub - emitanaka/actions: My GitHub Actions",3,3,2021-05-10,2021-04-27,2021-05-11
"/emitanaka/actions","GitHub - emitanaka/actions: My GitHub Actions",3,3,2021-05-11,2021-04-28,2021-05-12
"/emitanaka/actions","GitHub - emitanaka/actions: My GitHub Actions",4,4,2021-05-12,2021-04-29,2021-05-13
"/emitanaka/actions","GitHub - emitanaka/actions: My GitHub Actions",3,3,2021-05-13,2021-04-30,2021-05-14
"/emitanaka/actions","emitanaka/actions: My GitHub Actions",1,1,2022-08-18,2022-08-05,2022-08-19
"/emitanaka/actions","emitanaka/actions: My GitHub Actions",1,1,2022-08-19,2022-08-06,2022-08-20
"/emitanaka/actions","emitanaka/actions: My GitHub Actions",1,1,2022-08-20,2022-08-07,2022-08-21
2022-08-21,2022-08-08,2022-08-22
2022-08-22,2022-08-09,2022-08-23
2022-08-23,2022-08-10,2022-08-24
2022-08-24,2022-08-11,2022-08-25
2022-08-25,2022-08-12,2022-08-26
2022-08-26,2022-08-13,2022-08-27
2022-08-27,2022-08-14,2022-08-28
2022-08-28,2022-08-15,2022-08-29
2022-08-29,2022-08-16,2022-08-30
2022-08-30,2022-08-17,2022-08-31
2022-08-31,2022-08-18,2022-09-01
2022-09-01,2022-08-19,2022-09-02
2022-09-02,2022-08-20,2022-09-03
2022-09-03,2022-08-21,2022-09-04
"/emitanaka/actions","GitHub - emitanaka/actions: My GitHub Actions",1,1,2022-09-05,2022-08-23,2022-09-06
"/emitanaka/actions","GitHub - emitanaka/actions: My GitHub Actions",2,2,2022-09-06,2022-08-24,2022-09-07
"/emitanaka/actions","GitHub - emitanaka/actions: My GitHub Actions",2,2,2022-09-07,2022-08-25,2022-09-08
"/emitanaka/actions","GitHub - emitanaka/actions: My GitHub Actions",2,2,2022-09-08,2022-08-26,2022-09-09
"/emitanaka/actions","GitHub - emitanaka/actions: My GitHub Actions",2,2,2022-09-11,2022-08-29,2022-09-12
"/emitanaka/actions","GitHub - emitanaka/actions: My GitHub Actions",2,2,2022-09-12,2022-08-30,2022-09-13
"/emitanaka/actions","GitHub - emitanaka/actions: My GitHub Actions",2,2,2022-09-13,2022-08-31,2022-09-14
"/emitanaka/actions","GitHub - emitanaka/actions: My GitHub Actions",2,2,2022-09-14,2022-09-01,2022-09-15
"/emitanaka/actions","GitHub - emitanaka/actions: My GitHub Actions",2,2,2022-09-15,2022-09-02,2022-09-16
"/emitanaka/actions","emitanaka/actions: My GitHub Actions",1,1,2022-09-17,2022-09-04,2022-09-18
"/emitanaka/actions","emitanaka/actions: My GitHub Actions",2,2,2022-09-18,2022-09-05,2022-09-19
"/emitanaka/actions","emitanaka/actions: My GitHub Actions",1,1,2022-09-19,2022-09-06,2022-09-20
"/emitanaka/actions","emitanaka/actions: My GitHub Actions",1,1,2022-09-20,2022-09-07,2022-09-21
"/emitanaka/actions","emitanaka/actions: My GitHub Actions",1,1,2022-09-21,2022-09-08,2022-09-22
"/emitanaka/actions","emitanaka/actions: My GitHub Actions",1,1,2022-09-22,2022-09-09,2022-09-23
"/emitanaka/actions","emitanaka/actions: My GitHub Actions",1,1,2022-09-23,2022-09-10,2022-09-24
"/emitanaka/actions","emitanaka/actions: My GitHub Actions",1,1,2022-09-24,2022-09-11,2022-09-25
"/emitanaka/actions","emitanaka/actions: My GitHub Actions",1,1,2022-09-25,2022-09-12,2022-09-26
"/emitanaka/actions","emitanaka/actions: My GitHub Actions",1,1,2022-09-26,2022-09-13,2022-09-27
"/emitanaka/actions","emitanaka/actions: My GitHub Actions",1,1,2022-09-27,2022-09-14,2022-09-28
"/emitanaka/actions","emitanaka/actions: My GitHub Actions",2,2,2022-09-28,2022-09-15,2022-09-29
"/emitanaka/actions/blob/main/.github/workflows/cran-experiment.yaml","actions/cran-experiment.yaml at main · emitanaka/actions",1,1,2022-09-28,2022-09-15,2022-09-29
"/emitanaka/actions/blob/main/.github/workflows/repo-traffic.yaml","actions/repo-traffic.yaml at main · emitanaka/actions",1,1,2022-09-28,2022-09-15,2022-09-29
"/emitanaka/actions/tree/main/.github/workflows","actions/.github/workflows at main · emitanaka/actions",1,1,2022-09-28,2022-09-15,2022-09-29
"/emitanaka/actions","emitanaka/actions: My GitHub Actions",2,2,2022-09-29,2022-09-16,2022-09-30
"/emitanaka/actions/blob/main/.github/workflows/repo-traffic.yaml","actions/repo-traffic.yaml at main · emitanaka/actions",2,1,2022-09-29,2022-09-16,2022-09-30
"/emitanaka/actions/blob/main/.github/workflows/cran-experiment.yaml","actions/cran-experiment.yaml at main · emitanaka/actions",1,1,2022-09-29,2022-09-16,2022-09-30
"/emitanaka/actions/tree/main/.github/workflows","actions/.github/workflows at main · emitanaka/actions",1,1,2022-09-29,2022-09-16,2022-09-30
"/emitanaka/actions","emitanaka/actions: My GitHub Actions",2,2,2022-09-30,2022-09-17,2022-10-01
"/emitanaka/actions/blob/main/.github/workflows/repo-traffic.yaml","actions/repo-traffic.yaml at main · emitanaka/actions",2,1,2022-09-30,2022-09-17,2022-10-01
"/emitanaka/actions/blob/main/.github/workflows/cran-experiment.yaml","actions/cran-experiment.yaml at main · emitanaka/actions",1,1,2022-09-30,2022-09-17,2022-10-01
"/emitanaka/actions/tree/main/.github/workflows","actions/.github/workflows at main · emitanaka/actions",1,1,2022-09-30,2022-09-17,2022-10-01
"/emitanaka/actions/blob/main/.github/workflows/repo-traffic.yaml","actions/repo-traffic.yaml at main · emitanaka/actions",2,1,2022-10-01,2022-09-18,2022-10-02
"/emitanaka/actions","emitanaka/actions: My GitHub Actions",1,1,2022-10-01,2022-09-18,2022-10-02
"/emitanaka/actions/blob/main/.github/workflows/cran-experiment.yaml","actions/cran-experiment.yaml at main · emitanaka/actions",1,1,2022-10-01,2022-09-18,2022-10-02
"/emitanaka/actions/tree/main/.github/workflows","actions/.github/workflows at main · emitanaka/actions",1,1,2022-10-01,2022-09-18,2022-10-02
"/emitanaka/actions/blob/main/.github/workflows/repo-traffic.yaml","actions/repo-traffic.yaml at main · emitanaka/actions",2,1,2022-10-02,2022-09-19,2022-10-03
"/emitanaka/actions","emitanaka/actions: My GitHub Actions",1,1,2022-10-02,2022-09-19,2022-10-03
"/emitanaka/actions/blob/main/.github/workflows/cran-experiment.yaml","actions/cran-experiment.yaml at main · emitanaka/actions",1,1,2022-10-02,2022-09-19,2022-10-03
"/emitanaka/actions/tree/main/.github/workflows","actions/.github/workflows at main · emitanaka/actions",1,1,2022-10-02,2022-09-19,2022-10-03
"/emitanaka/actions/blob/main/.github/workflows/repo-traffic.yaml","actions/repo-traffic.yaml at main · emitanaka/actions",2,1,2022-10-03,2022-09-20,2022-10-04
"/emitanaka/actions","emitanaka/actions: My GitHub Actions",1,1,2022-10-03,2022-09-20,2022-10-04
"/emitanaka/actions/blob/main/.github/workflows/cran-experiment.yaml","actions/cran-experiment.yaml at main · emitanaka/actions",1,1,2022-10-03,2022-09-20,2022-10-04
"/emitanaka/actions/tree/main/.github/workflows","actions/.github/workflows at main · emitanaka/actions",1,1,2022-10-03,2022-09-20,2022-10-04
"/emitanaka/actions/blob/main/.github/workflows/repo-traffic.yaml","actions/repo-traffic.yaml at main · emitanaka/actions",2,1,2022-10-04,2022-09-21,2022-10-05
"/emitanaka/actions","emitanaka/actions: My GitHub Actions",1,1,2022-10-04,2022-09-21,2022-10-05
"/emitanaka/actions/blob/main/.github/workflows/cran-experiment.yaml","actions/cran-experiment.yaml at main · emitanaka/actions",1,1,2022-10-04,2022-09-21,2022-10-05
"/emitanaka/actions/tree/main/.github/workflows","actions/.github/workflows at main · emitanaka/actions",1,1,2022-10-04,2022-09-21,2022-10-05
"/emitanaka/actions/blob/main/.github/workflows/repo-traffic.yaml","actions/repo-traffic.yaml at main · emitanaka/actions",2,1,2022-10-05,2022-09-22,2022-10-06
"/emitanaka/actions","emitanaka/actions: My GitHub Actions",1,1,2022-10-05,2022-09-22,2022-10-06
"/emitanaka/actions/blob/main/.github/workflows/cran-experiment.yaml","actions/cran-experiment.yaml at main · emitanaka/actions",1,1,2022-10-05,2022-09-22,2022-10-06
"/emitanaka/actions/tree/main/.github/workflows","actions/.github/workflows at main · emitanaka/actions",1,1,2022-10-05,2022-09-22,2022-10-06
"/emitanaka/actions/blob/main/.github/workflows/repo-traffic.yaml","actions/repo-traffic.yaml at main · emitanaka/actions",2,1,2022-10-06,2022-09-23,2022-10-07
"/emitanaka/actions","emitanaka/actions: My GitHub Actions",1,1,2022-10-06,2022-09-23,2022-10-07
"/emitanaka/actions/blob/main/.github/workflows/cran-experiment.yaml","actions/cran-experiment.yaml at main · emitanaka/actions",1,1,2022-10-06,2022-09-23,2022-10-07
"/emitanaka/actions/tree/main/.github/workflows","actions/.github/workflows at main · emitanaka/actions",1,1,2022-10-06,2022-09-23,2022-10-07
"/emitanaka/actions/blob/main/.github/workflows/repo-traffic.yaml","actions/repo-traffic.yaml at main · emitanaka/actions",2,1,2022-10-08,2022-09-25,2022-10-09
"/emitanaka/actions","emitanaka/actions: My GitHub Actions",1,1,2022-10-08,2022-09-25,2022-10-09
"/emitanaka/actions/blob/main/.github/workflows/cran-experiment.yaml","actions/cran-experiment.yaml at main · emitanaka/actions",1,1,2022-10-08,2022-09-25,2022-10-09
"/emitanaka/actions/tree/main/.github/workflows","actions/.github/workflows at main · emitanaka/actions",1,1,2022-10-08,2022-09-25,2022-10-09
"/emitanaka/actions/blob/main/.github/workflows/repo-traffic.yaml","actions/repo-traffic.yaml at main · emitanaka/actions",2,1,2022-10-09,2022-09-26,2022-10-10
"/emitanaka/actions","emitanaka/actions: My GitHub Actions",1,1,2022-10-09,2022-09-26,2022-10-10
"/emitanaka/actions/blob/main/.github/workflows/cran-experiment.yaml","actions/cran-experiment.yaml at main · emitanaka/actions",1,1,2022-10-09,2022-09-26,2022-10-10
"/emitanaka/actions/tree/main/.github/workflows","actions/.github/workflows at main · emitanaka/actions",1,1,2022-10-09,2022-09-26,2022-10-10
"/emitanaka/actions/blob/main/.github/workflows/repo-traffic.yaml","actions/repo-traffic.yaml at main · emitanaka/actions",2,1,2022-10-10,2022-09-27,2022-10-11
"/emitanaka/actions","emitanaka/actions: My GitHub Actions",1,1,2022-10-10,2022-09-27,2022-10-11
"/emitanaka/actions/blob/main/.github/workflows/cran-experiment.yaml","actions/cran-experiment.yaml at main · emitanaka/actions",1,1,2022-10-10,2022-09-27,2022-10-11
"/emitanaka/actions/tree/main/.github/workflows","actions/.github/workflows at main · emitanaka/actions",1,1,2022-10-10,2022-09-27,2022-10-11
"/emitanaka/actions/blob/main/.github/workflows/repo-traffic.yaml","actions/repo-traffic.yaml at main · emitanaka/actions",1,1,2022-10-11,2022-09-28,2022-10-12
2022-10-12,2022-09-29,2022-10-13
2022-10-13,2022-09-30,2022-10-14
2022-10-14,2022-10-01,2022-10-15
2022-10-15,2022-10-02,2022-10-16
2022-10-16,2022-10-03,2022-10-17
2022-10-17,2022-10-04,2022-10-18
2022-10-18,2022-10-05,2022-10-19
2022-10-19,2022-10-06,2022-10-20
2022-10-20,2022-10-07,2022-10-21
2022-10-21,2022-10-08,2022-10-22
2022-10-22,2022-10-09,2022-10-23
2022-10-24,2022-10-11,2022-10-25
2022-10-25,2022-10-12,2022-10-26
2022-10-26,2022-10-13,2022-10-27
2022-10-27,2022-10-14,2022-10-28
2022-10-28,2022-10-15,2022-10-29
2022-10-29,2022-10-16,2022-10-30
2022-10-30,2022-10-17,2022-10-31
2022-10-31,2022-10-18,2022-11-01
2022-11-01,2022-10-19,2022-11-02
2022-11-02,2022-10-20,2022-11-03
"/emitanaka/actions","emitanaka/actions: My GitHub Actions",2,2,2022-11-03,2022-10-21,2022-11-04
"/emitanaka/actions/blob/main/.github/workflows/cran-experiment.yaml","actions/cran-experiment.yaml at main · emitanaka/actions",1,1,2022-11-03,2022-10-21,2022-11-04
"/emitanaka/actions/blob/main/repo-traffic.yaml","actions/repo-traffic.yaml at main · emitanaka/actions",1,1,2022-11-03,2022-10-21,2022-11-04
"/emitanaka/actions/tree/main/.github/workflows","actions/.github/workflows at main · emitanaka/actions",1,1,2022-11-03,2022-10-21,2022-11-04
"/emitanaka/actions","emitanaka/actions: My GitHub Actions",2,2,2022-11-04,2022-10-22,2022-11-05
"/emitanaka/actions/blob/main/.github/workflows/cran-experiment.yaml","actions/cran-experiment.yaml at main · emitanaka/actions",1,1,2022-11-04,2022-10-22,2022-11-05
"/emitanaka/actions/blob/main/repo-traffic.yaml","actions/repo-traffic.yaml at main · emitanaka/actions",1,1,2022-11-04,2022-10-22,2022-11-05
"/emitanaka/actions/tree/main/.github/workflows","actions/.github/workflows at main · emitanaka/actions",1,1,2022-11-04,2022-10-22,2022-11-05
"/emitanaka/actions","emitanaka/actions: My GitHub Actions",2,2,2022-11-05,2022-10-23,2022-11-06
"/emitanaka/actions/blob/main/.github/workflows/cran-experiment.yaml","actions/cran-experiment.yaml at main · emitanaka/actions",1,1,2022-11-05,2022-10-23,2022-11-06
"/emitanaka/actions/blob/main/repo-traffic.yaml","actions/repo-traffic.yaml at main · emitanaka/actions",1,1,2022-11-05,2022-10-23,2022-11-06
"/emitanaka/actions/tree/main/.github/workflows","actions/.github/workflows at main · emitanaka/actions",1,1,2022-11-05,2022-10-23,2022-11-06
"/emitanaka/actions","emitanaka/actions: My GitHub Actions",2,2,2022-11-06,2022-10-24,2022-11-07
"/emitanaka/actions/blob/main/.github/workflows/cran-experiment.yaml","actions/cran-experiment.yaml at main · emitanaka/actions",1,1,2022-11-06,2022-10-24,2022-11-07
"/emitanaka/actions/blob/main/repo-traffic.yaml","actions/repo-traffic.yaml at main · emitanaka/actions",1,1,2022-11-06,2022-10-24,2022-11-07
"/emitanaka/actions/tree/main/.github/workflows","actions/.github/workflows at main · emitanaka/actions",1,1,2022-11-06,2022-10-24,2022-11-07
"/emitanaka/actions","emitanaka/actions: My GitHub Actions",2,2,2022-11-07,2022-10-25,2022-11-08
"/emitanaka/actions/blob/main/.github/workflows/cran-experiment.yaml","actions/cran-experiment.yaml at main · emitanaka/actions",1,1,2022-11-07,2022-10-25,2022-11-08
"/emitanaka/actions/blob/main/repo-traffic.yaml","actions/repo-traffic.yaml at main · emitanaka/actions",1,1,2022-11-07,2022-10-25,2022-11-08
"/emitanaka/actions/tree/main/.github/workflows","actions/.github/workflows at main · emitanaka/actions",1,1,2022-11-07,2022-10-25,2022-11-08
"/emitanaka/actions","emitanaka/actions: My GitHub Actions",2,2,2022-11-08,2022-10-26,2022-11-09
"/emitanaka/actions/blob/main/.github/workflows/cran-experiment.yaml","actions/cran-experiment.yaml at main · emitanaka/actions",1,1,2022-11-08,2022-10-26,2022-11-09
"/emitanaka/actions/blob/main/repo-traffic.yaml","actions/repo-traffic.yaml at main · emitanaka/actions",1,1,2022-11-08,2022-10-26,2022-11-09
"/emitanaka/actions/tree/main/.github/workflows","actions/.github/workflows at main · emitanaka/actions",1,1,2022-11-08,2022-10-26,2022-11-09
"/emitanaka/actions/actions/workflows/cran-experiment.yaml","Actions · emitanaka/actions · GitHub",3,1,2022-11-09,2022-10-27,2022-11-10
"/emitanaka/actions","emitanaka/actions: My GitHub Actions",2,2,2022-11-09,2022-10-27,2022-11-10
"/emitanaka/actions/blob/main/.github/workflows/cran-experiment.yaml","actions/cran-experiment.yaml at main · emitanaka/actions · GitHub",2,2,2022-11-09,2022-10-27,2022-11-10
"/emitanaka/actions/actions","Actions · emitanaka/actions · GitHub",1,1,2022-11-09,2022-10-27,2022-11-10
"/emitanaka/actions/blob/main/repo-traffic.yaml","actions/repo-traffic.yaml at main · emitanaka/actions",1,1,2022-11-09,2022-10-27,2022-11-10
"/emitanaka/actions/tree/main/.github/workflows","actions/.github/workflows at main · emitanaka/actions",1,1,2022-11-09,2022-10-27,2022-11-10
"/emitanaka/actions/actions/workflows/cran-experiment.yaml","Actions · emitanaka/actions · GitHub",3,1,2022-11-10,2022-10-28,2022-11-11
"/emitanaka/actions","emitanaka/actions: My GitHub Actions",2,2,2022-11-10,2022-10-28,2022-11-11
"/emitanaka/actions/blob/main/.github/workflows/cran-experiment.yaml","actions/cran-experiment.yaml at main · emitanaka/actions · GitHub",2,2,2022-11-10,2022-10-28,2022-11-11
"/emitanaka/actions/actions","Actions · emitanaka/actions · GitHub",1,1,2022-11-10,2022-10-28,2022-11-11
"/emitanaka/actions/blob/main/repo-traffic.yaml","actions/repo-traffic.yaml at main · emitanaka/actions",1,1,2022-11-10,2022-10-28,2022-11-11
"/emitanaka/actions/tree/main/.github/workflows","actions/.github/workflows at main · emitanaka/actions",1,1,2022-11-10,2022-10-28,2022-11-11
"/emitanaka/actions/actions/workflows/cran-experiment.yaml","Actions · emitanaka/actions · GitHub",3,1,2022-11-11,2022-10-29,2022-11-12
"/emitanaka/actions","emitanaka/actions: My GitHub Actions",2,2,2022-11-11,2022-10-29,2022-11-12
"/emitanaka/actions/blob/main/.github/workflows/cran-experiment.yaml","actions/cran-experiment.yaml at main · emitanaka/actions · GitHub",2,2,2022-11-11,2022-10-29,2022-11-12
"/emitanaka/actions/actions","Actions · emitanaka/actions · GitHub",1,1,2022-11-11,2022-10-29,2022-11-12
"/emitanaka/actions/blob/main/repo-traffic.yaml","actions/repo-traffic.yaml at main · emitanaka/actions",1,1,2022-11-11,2022-10-29,2022-11-12
"/emitanaka/actions/tree/main/.github/workflows","actions/.github/workflows at main · emitanaka/actions",1,1,2022-11-11,2022-10-29,2022-11-12
"/emitanaka/actions/actions/workflows/cran-experiment.yaml","Actions · emitanaka/actions · GitHub",3,1,2022-11-12,2022-10-30,2022-11-13
"/emitanaka/actions","emitanaka/actions: My GitHub Actions",2,2,2022-11-12,2022-10-30,2022-11-13
"/emitanaka/actions/blob/main/.github/workflows/cran-experiment.yaml","actions/cran-experiment.yaml at main · emitanaka/actions · GitHub",2,2,2022-11-12,2022-10-30,2022-11-13
"/emitanaka/actions/actions","Actions · emitanaka/actions · GitHub",1,1,2022-11-12,2022-10-30,2022-11-13
"/emitanaka/actions/blob/main/repo-traffic.yaml","actions/repo-traffic.yaml at main · emitanaka/actions",1,1,2022-11-12,2022-10-30,2022-11-13
"/emitanaka/actions/tree/main/.github/workflows","actions/.github/workflows at main · emitanaka/actions",1,1,2022-11-12,2022-10-30,2022-11-13
"/emitanaka/actions/actions/workflows/cran-experiment.yaml","Actions · emitanaka/actions · GitHub",3,1,2022-11-13,2022-10-31,2022-11-14
"/emitanaka/actions","emitanaka/actions: My GitHub Actions",2,2,2022-11-13,2022-10-31,2022-11-14
"/emitanaka/actions/blob/main/.github/workflows/cran-experiment.yaml","actions/cran-experiment.yaml at main · emitanaka/actions · GitHub",2,2,2022-11-13,2022-10-31,2022-11-14
"/emitanaka/actions/actions","Actions · emitanaka/actions · GitHub",1,1,2022-11-13,2022-10-31,2022-11-14
"/emitanaka/actions/blob/main/repo-traffic.yaml","actions/repo-traffic.yaml at main · emitanaka/actions",1,1,2022-11-13,2022-10-31,2022-11-14
"/emitanaka/actions/tree/main/.github/workflows","actions/.github/workflows at main · emitanaka/actions",1,1,2022-11-13,2022-10-31,2022-11-14
"/emitanaka/actions/actions/workflows/cran-experiment.yaml","Actions · emitanaka/actions · GitHub",3,1,2022-11-14,2022-11-01,2022-11-15
"/emitanaka/actions","emitanaka/actions: My GitHub Actions",2,2,2022-11-14,2022-11-01,2022-11-15
"/emitanaka/actions/blob/main/.github/workflows/cran-experiment.yaml","actions/cran-experiment.yaml at main · emitanaka/actions · GitHub",2,2,2022-11-14,2022-11-01,2022-11-15
"/emitanaka/actions/actions","Actions · emitanaka/actions · GitHub",1,1,2022-11-14,2022-11-01,2022-11-15
"/emitanaka/actions/blob/main/repo-traffic.yaml","actions/repo-traffic.yaml at main · emitanaka/actions",1,1,2022-11-14,2022-11-01,2022-11-15
"/emitanaka/actions/tree/main/.github/workflows","actions/.github/workflows at main · emitanaka/actions",1,1,2022-11-14,2022-11-01,2022-11-15
"/emitanaka/actions/actions/workflows/cran-experiment.yaml","Actions · emitanaka/actions · GitHub",3,1,2022-11-15,2022-11-02,2022-11-16
"/emitanaka/actions","emitanaka/actions: My GitHub Actions",2,2,2022-11-15,2022-11-02,2022-11-16
"/emitanaka/actions/blob/main/.github/workflows/cran-experiment.yaml","actions/cran-experiment.yaml at main · emitanaka/actions · GitHub",2,2,2022-11-15,2022-11-02,2022-11-16
"/emitanaka/actions/actions","Actions · emitanaka/actions · GitHub",1,1,2022-11-15,2022-11-02,2022-11-16
"/emitanaka/actions/blob/main/repo-traffic.yaml","actions/repo-traffic.yaml at main · emitanaka/actions",1,1,2022-11-15,2022-11-02,2022-11-16
"/emitanaka/actions/tree/main/.github/workflows","actions/.github/workflows at main · emitanaka/actions",1,1,2022-11-15,2022-11-02,2022-11-16
"/emitanaka/actions/actions/workflows/cran-experiment.yaml","Actions · emitanaka/actions · GitHub",3,1,2022-11-16,2022-11-03,2022-11-17
"/emitanaka/actions/actions","Actions · emitanaka/actions · GitHub",1,1,2022-11-16,2022-11-03,2022-11-17
"/emitanaka/actions/blob/main/.github/workflows/cran-experiment.yaml","actions/cran-experiment.yaml at main · emitanaka/actions · GitHub",1,1,2022-11-16,2022-11-03,2022-11-17
"/emitanaka/actions/actions/workflows/cran-experiment.yaml","Actions · emitanaka/actions · GitHub",3,1,2022-11-17,2022-11-04,2022-11-18
"/emitanaka/actions/actions","Actions · emitanaka/actions · GitHub",1,1,2022-11-17,2022-11-04,2022-11-18
"/emitanaka/actions/blob/main/.github/workflows/cran-experiment.yaml","actions/cran-experiment.yaml at main · emitanaka/actions · GitHub",1,1,2022-11-17,2022-11-04,2022-11-18
"/emitanaka/actions/actions/workflows/cran-experiment.yaml","Actions · emitanaka/actions · GitHub",3,1,2022-11-18,2022-11-05,2022-11-19
"/emitanaka/actions","emitanaka/actions: My GitHub Actions",1,1,2022-11-18,2022-11-05,2022-11-19
"/emitanaka/actions/actions","Actions · emitanaka/actions · GitHub",1,1,2022-11-18,2022-11-05,2022-11-19
"/emitanaka/actions/blob/main/.github/workflows/cran-experiment.yaml","actions/cran-experiment.yaml at main · emitanaka/actions · GitHub",1,1,2022-11-18,2022-11-05,2022-11-19
"/emitanaka/actions/actions/workflows/cran-experiment.yaml","Actions · emitanaka/actions · GitHub",3,1,2022-11-19,2022-11-06,2022-11-20
"/emitanaka/actions","emitanaka/actions: My GitHub Actions",1,1,2022-11-19,2022-11-06,2022-11-20
"/emitanaka/actions/actions","Actions · emitanaka/actions · GitHub",1,1,2022-11-19,2022-11-06,2022-11-20
"/emitanaka/actions/blob/main/.github/workflows/cran-experiment.yaml","actions/cran-experiment.yaml at main · emitanaka/actions · GitHub",1,1,2022-11-19,2022-11-06,2022-11-20
"/emitanaka/actions/actions/workflows/cran-experiment.yaml","Actions · emitanaka/actions · GitHub",3,1,2022-11-20,2022-11-07,2022-11-21
"/emitanaka/actions","emitanaka/actions: My GitHub Actions",1,1,2022-11-20,2022-11-07,2022-11-21
"/emitanaka/actions/actions","Actions · emitanaka/actions · GitHub",1,1,2022-11-20,2022-11-07,2022-11-21
"/emitanaka/actions/blob/main/.github/workflows/cran-experiment.yaml","actions/cran-experiment.yaml at main · emitanaka/actions · GitHub",1,1,2022-11-20,2022-11-07,2022-11-21
"/emitanaka/actions/actions/workflows/cran-experiment.yaml","Actions · emitanaka/actions · GitHub",3,1,2022-11-21,2022-11-08,2022-11-22
"/emitanaka/actions","emitanaka/actions: My GitHub Actions",1,1,2022-11-21,2022-11-08,2022-11-22
"/emitanaka/actions/actions","Actions · emitanaka/actions · GitHub",1,1,2022-11-21,2022-11-08,2022-11-22
"/emitanaka/actions/blob/main/.github/workflows/cran-experiment.yaml","actions/cran-experiment.yaml at main · emitanaka/actions · GitHub",1,1,2022-11-21,2022-11-08,2022-11-22
"/emitanaka/actions","emitanaka/actions: My GitHub Actions",1,1,2022-11-22,2022-11-09,2022-11-23
"/emitanaka/actions","emitanaka/actions: My GitHub Actions",1,1,2022-11-23,2022-11-10,2022-11-24
"/emitanaka/actions","emitanaka/actions: My GitHub Actions",1,1,2022-11-24,2022-11-11,2022-11-25
"/emitanaka/actions","emitanaka/actions: My GitHub Actions",2,2,2022-11-25,2022-11-12,2022-11-26
"/emitanaka/actions/tree/main/.github/workflows","actions/.github/workflows at main · emitanaka/actions",1,1,2022-11-25,2022-11-12,2022-11-26
"/emitanaka/actions","emitanaka/actions: My GitHub Actions",2,2,2022-11-26,2022-11-13,2022-11-27
"/emitanaka/actions/actions","Actions · emitanaka/actions · GitHub",1,1,2022-11-26,2022-11-13,2022-11-27
"/emitanaka/actions/actions/runs/3550423160","cran experiment · emitanaka/actions@5c78e87 · GitHub",1,1,2022-11-26,2022-11-13,2022-11-27
"/emitanaka/actions/tree/main/.github/workflows","actions/.github/workflows at main · emitanaka/actions",1,1,2022-11-26,2022-11-13,2022-11-27
"/emitanaka/actions","emitanaka/actions: My GitHub Actions",2,2,2022-11-27,2022-11-14,2022-11-28
"/emitanaka/actions/actions","Actions · emitanaka/actions · GitHub",1,1,2022-11-27,2022-11-14,2022-11-28
"/emitanaka/actions/actions/runs/3550423160","cran experiment · emitanaka/actions@5c78e87 · GitHub",1,1,2022-11-27,2022-11-14,2022-11-28
"/emitanaka/actions/tree/main/.github/workflows","actions/.github/workflows at main · emitanaka/actions",1,1,2022-11-27,2022-11-14,2022-11-28
"/emitanaka/actions","emitanaka/actions: My GitHub Actions",2,2,2022-11-28,2022-11-15,2022-11-29
"/emitanaka/actions/actions","Actions · emitanaka/actions · GitHub",1,1,2022-11-28,2022-11-15,2022-11-29
"/emitanaka/actions/actions/runs/3550423160","cran experiment · emitanaka/actions@5c78e87 · GitHub",1,1,2022-11-28,2022-11-15,2022-11-29
"/emitanaka/actions/tree/main/.github/workflows","actions/.github/workflows at main · emitanaka/actions",1,1,2022-11-28,2022-11-15,2022-11-29
"/emitanaka/actions","emitanaka/actions: My GitHub Actions",3,2,2022-11-29,2022-11-16,2022-11-30
"/emitanaka/actions/actions","Actions · emitanaka/actions · GitHub",1,1,2022-11-29,2022-11-16,2022-11-30
"/emitanaka/actions/actions/runs/3550423160","cran experiment · emitanaka/actions@5c78e87 · GitHub",1,1,2022-11-29,2022-11-16,2022-11-30
"/emitanaka/actions/tree/main/.github/workflows","actions/.github/workflows at main · emitanaka/actions",1,1,2022-11-29,2022-11-16,2022-11-30
"/emitanaka/actions","emitanaka/actions: My GitHub Actions",3,2,2022-11-30,2022-11-17,2022-12-01
"/emitanaka/actions/actions","Actions · emitanaka/actions · GitHub",1,1,2022-11-30,2022-11-17,2022-12-01
"/emitanaka/actions/actions/runs/3550423160","cran experiment · emitanaka/actions@5c78e87 · GitHub",1,1,2022-11-30,2022-11-17,2022-12-01
"/emitanaka/actions/tree/main/.github/workflows","actions/.github/workflows at main · emitanaka/actions",1,1,2022-11-30,2022-11-17,2022-12-01
"/emitanaka/actions","emitanaka/actions: My GitHub Actions",2,1,2022-12-01,2022-11-18,2022-12-02
"/emitanaka/actions/actions","Actions · emitanaka/actions · GitHub",1,1,2022-12-01,2022-11-18,2022-12-02
"/emitanaka/actions/actions/runs/3550423160","cran experiment · emitanaka/actions@5c78e87 · GitHub",1,1,2022-12-01,2022-11-18,2022-12-02
"/emitanaka/actions/tree/main/.github/workflows","actions/.github/workflows at main · emitanaka/actions",1,1,2022-12-01,2022-11-18,2022-12-02
"/emitanaka/actions","emitanaka/actions: My GitHub Actions",2,1,2022-12-02,2022-11-19,2022-12-03
"/emitanaka/actions/actions","Actions · emitanaka/actions · GitHub",1,1,2022-12-02,2022-11-19,2022-12-03
"/emitanaka/actions/actions/runs/3550423160","cran experiment · emitanaka/actions@5c78e87 · GitHub",1,1,2022-12-02,2022-11-19,2022-12-03
"/emitanaka/actions/tree/main/.github/workflows","actions/.github/workflows at main · emitanaka/actions",1,1,2022-12-02,2022-11-19,2022-12-03
"/emitanaka/actions","emitanaka/actions: My GitHub Actions",2,1,2022-12-03,2022-11-20,2022-12-04
"/emitanaka/actions/actions","Actions · emitanaka/actions · GitHub",1,1,2022-12-03,2022-11-20,2022-12-04
"/emitanaka/actions/actions/runs/3550423160","cran experiment · emitanaka/actions@5c78e87 · GitHub",1,1,2022-12-03,2022-11-20,2022-12-04
"/emitanaka/actions/tree/main/.github/workflows","actions/.github/workflows at main · emitanaka/actions",1,1,2022-12-03,2022-11-20,2022-12-04
"/emitanaka/actions","emitanaka/actions: My GitHub Actions",3,2,2022-12-04,2022-11-21,2022-12-05
"/emitanaka/actions/actions","Actions · emitanaka/actions · GitHub",1,1,2022-12-04,2022-11-21,2022-12-05
"/emitanaka/actions/actions/runs/3550423160","cran experiment · emitanaka/actions@5c78e87 · GitHub",1,1,2022-12-04,2022-11-21,2022-12-05
"/emitanaka/actions/tree/main/.github/workflows","actions/.github/workflows at main · emitanaka/actions",1,1,2022-12-04,2022-11-21,2022-12-05
"/emitanaka/actions","emitanaka/actions: My GitHub Actions",3,2,2022-12-05,2022-11-22,2022-12-06
"/emitanaka/actions/actions","Actions · emitanaka/actions · GitHub",1,1,2022-12-05,2022-11-22,2022-12-06
"/emitanaka/actions/actions/runs/3550423160","cran experiment · emitanaka/actions@5c78e87 · GitHub",1,1,2022-12-05,2022-11-22,2022-12-06
"/emitanaka/actions/tree/main/.github/workflows","actions/.github/workflows at main · emitanaka/actions",1,1,2022-12-05,2022-11-22,2022-12-06
"/emitanaka/actions","emitanaka/actions: My GitHub Actions",3,2,2022-12-06,2022-11-23,2022-12-07
"/emitanaka/actions/actions","Actions · emitanaka/actions · GitHub",1,1,2022-12-06,2022-11-23,2022-12-07
"/emitanaka/actions/actions/runs/3550423160","cran experiment · emitanaka/actions@5c78e87 · GitHub",1,1,2022-12-06,2022-11-23,2022-12-07
"/emitanaka/actions/tree/main/.github/workflows","actions/.github/workflows at main · emitanaka/actions",1,1,2022-12-06,2022-11-23,2022-12-07
"/emitanaka/actions","emitanaka/actions: My GitHub Actions",3,2,2022-12-07,2022-11-24,2022-12-08
"/emitanaka/actions/actions","Actions · emitanaka/actions · GitHub",1,1,2022-12-07,2022-11-24,2022-12-08
"/emitanaka/actions/actions/runs/3550423160","cran experiment · emitanaka/actions@5c78e87 · GitHub",1,1,2022-12-07,2022-11-24,2022-12-08
"/emitanaka/actions/tree/main/.github/workflows","actions/.github/workflows at main · emitanaka/actions",1,1,2022-12-07,2022-11-24,2022-12-08
"/emitanaka/actions","emitanaka/actions: My GitHub Actions",2,2,2022-12-08,2022-11-25,2022-12-09
"/emitanaka/actions/actions","Actions · emitanaka/actions · GitHub",1,1,2022-12-08,2022-11-25,2022-12-09
"/emitanaka/actions/actions/runs/3550423160","cran experiment · emitanaka/actions@5c78e87 · GitHub",1,1,2022-12-08,2022-11-25,2022-12-09
"/emitanaka/actions","emitanaka/actions: My GitHub Actions",3,3,2022-12-09,2022-11-26,2022-12-10
"/emitanaka/actions","emitanaka/actions: My GitHub Actions",3,3,2022-12-10,2022-11-27,2022-12-11
"/emitanaka/actions","emitanaka/actions: My GitHub Actions",3,3,2022-12-11,2022-11-28,2022-12-12
"/emitanaka/actions","emitanaka/actions: My GitHub Actions",2,2,2022-12-12,2022-11-29,2022-12-13
"/emitanaka/actions","emitanaka/actions: My GitHub Actions",2,2,2022-12-13,2022-11-30,2022-12-14
"/emitanaka/actions","emitanaka/actions: My GitHub Actions",2,2,2022-12-14,2022-12-01,2022-12-15
"/emitanaka/actions","emitanaka/actions: My GitHub Actions",2,2,2022-12-15,2022-12-02,2022-12-16
"/emitanaka/actions","emitanaka/actions: My GitHub Actions",2,2,2022-12-16,2022-12-03,2022-12-17
"/emitanaka/actions","emitanaka/actions: My GitHub Actions",1,1,2022-12-17,2022-12-04,2022-12-18
"/emitanaka/actions","emitanaka/actions: My GitHub Actions",1,1,2022-12-18,2022-12-05,2022-12-19
"/emitanaka/actions","emitanaka/actions: My GitHub Actions",1,1,2022-12-19,2022-12-06,2022-12-20
"/emitanaka/actions","emitanaka/actions: My GitHub Actions",1,1,2022-12-20,2022-12-07,2022-12-21
"/emitanaka/actions","emitanaka/actions: My GitHub Actions",1,1,2022-12-21,2022-12-08,2022-12-22
2022-12-22,2022-12-09,2022-12-23
2022-12-23,2022-12-10,2022-12-24
2022-12-24,2022-12-11,2022-12-25
2022-12-25,2022-12-12,2022-12-26
2022-12-26,2022-12-13,2022-12-27
"/emitanaka/actions/network/members","Forks · emitanaka/actions · GitHub",2,1,2022-12-27,2022-12-14,2022-12-28
"/emitanaka/actions/network/members","Forks · emitanaka/actions · GitHub",2,1,2022-12-28,2022-12-15,2022-12-29
"/emitanaka/actions/network/members","Forks · emitanaka/actions · GitHub",2,1,2022-12-29,2022-12-16,2022-12-30
"/emitanaka/actions/network/members","Forks · emitanaka/actions · GitHub",2,1,2022-12-30,2022-12-17,2022-12-31
"/emitanaka/actions/network/members","Forks · emitanaka/actions · GitHub",2,1,2022-12-31,2022-12-18,2023-01-01
"/emitanaka/actions/network/members","Forks · emitanaka/actions · GitHub",2,1,2023-01-01,2022-12-19,2023-01-02
"/emitanaka/actions/network/members","Forks · emitanaka/actions · GitHub",2,1,2023-01-02,2022-12-20,2023-01-03
